<core:FragmentDefinition xmlns:core="sap.ui.core"
	xmlns="sap.m"
	xmlns:macros="sap.fe.macros">
	<!-- <VBox core:require="{ handler: 'vendoronboardrequest/ext/fragment/Commentfragment'}">
		<Button text="Commentfragment" press="handler.onPress" />
	</VBox> -->
	<VBox class="mainVboxComment">
		<HBox justifyContent="SpaceBetween">
			<!-- <Label wrapping="true" text=" Team Recommendation with Rationale" class="labelcomment"> -->
			<!-- </Label> -->
			<TextArea editable="{= !${IsActiveEntity}}" rows="8" width="70vw"/>

			<Button class="buttonhistory" core:require="{ handler: 'vendoronboardrequest/ext/fragment/Commentfragment'}" text="Comments" press="handler.onPress" />
		</HBox>
	</VBox>
</core:FragmentDefinition>