{
  "Component.js": 1721113966046,
  "ext/fragment/VendoronBoard.js": 1721128313305,
  "ext/fragment/Commentfragment.js": 1721369284503,
  "ext/controller/Submithandler.js": 1721728218807,
  "ext/controller/Objectpage.controller.js": 1722321124703,
  "manifest.json": 1722582705489,
  "i18n/i18n.properties": 1721113984602,
  "ext/controller/Submithandler-dbg.js": 1721728218807,
  "ext/controller/Submithandler.js.map": 1722582705632,
  "ext/fragment/Commentfragment-dbg.js": 1721369284503,
  "ext/fragment/Commentfragment.js.map": 1722582705624,
  "ext/fragment/VendoronBoard-dbg.js": 1721128313305,
  "ext/fragment/VendoronBoard.js.map": 1722582705603,
  "ext/controller/Objectpage-dbg.controller.js": 1722321124703,
  "ext/controller/Objectpage.controller.js.map": 1722582705638,
  "Component-dbg.js": 1721113966046,
  "Component.js.map": 1722582705605,
  "Component-preload.js": 1722582705818,
  "Component-preload.js.map": 1722582705818,
  "ext/fragment/VendoronBoard.fragment.xml": 1721381964590,
  "ext/fragment/Commentfragment.fragment.xml": 1721729311646,
  "css/style.css": 1722321017643,
  "index.html": 1721113966050
}