{
  "ext/controller/Objectpage.controller.js.map": 1722582708836,
  "manifest.json": 1722582708675,
  "ext/fragment/Vendoronboard.js": 1721124354263,
  "ext/fragment/Commentfragment.js": 1721128122259,
  "ext/fragment/Comment.js": 1721127926053,
  "ext/fragment/Attachmentfragment.js": 1721130302243,
  "ext/controller/Objectpage.controller.js": 1722321124703,
  "ext/fragment/WOrkflowhistory.js": 1721127565978,
  "Component.js": 1721114268975,
  "ext/fragment/Vendoronboard-dbg.js": 1721124354263,
  "ext/fragment/Vendoronboard.js.map": 1722582708818,
  "ext/fragment/Commentfragment-dbg.js": 1721128122259,
  "ext/fragment/Commentfragment.js.map": 1722582708826,
  "ext/fragment/Comment-dbg.js": 1721127926053,
  "ext/fragment/Comment.js.map": 1722582708818,
  "ext/fragment/Attachmentfragment-dbg.js": 1721130302243,
  "ext/fragment/Attachmentfragment.js.map": 1722582708818,
  "ext/controller/Objectpage-dbg.controller.js": 1722321124703,
  "i18n/i18n.properties": 1721114297386,
  "ext/fragment/WOrkflowhistory-dbg.js": 1721127565978,
  "ext/fragment/WOrkflowhistory.js.map": 1722582708819,
  "Component-dbg.js": 1721114268975,
  "Component.js.map": 1722582708819,
  "Component-preload.js": 1722582709073,
  "Component-preload.js.map": 1722582709073,
  "ext/fragment/WOrkflowhistory.fragment.xml": 1721127565978,
  "ext/fragment/Vendoronboard.fragment.xml": 1722321124703,
  "ext/fragment/Commentfragment.fragment.xml": 1721127743552,
  "ext/fragment/Comment.fragment.xml": 1721126265802,
  "ext/fragment/Attachmentfragment.fragment.xml": 1721130302243,
  "css/style.css": 1722321124703,
  "index.html": 1721114268975
}