<core:FragmentDefinition xmlns:core="sap.ui.core" xmlns="sap.m" xmlns:macros="sap.fe.macros">
		<VBox  class="mainVboxComment">
	
	<HBox justifyContent="SpaceBetween">
		<!-- <Label wrapping="true"  text=" Team Recommendation with Rationale" class="labelcomment"> -->
		<!-- </Label> -->

			<TextArea value="Lorem ipsum dolor st amet, consetetur sadipscing elitr, sed diam nonumy eirmod tempor invidunt ut labore et dolore magna aliquyam erat, sed diam voluptua. At vero eos et accusam et justo duo dolores et ea rebum. Stet clita kasd gubergren, no sea takimata sanctus est Lorem ipsum dolor sit amet. Lorem ipsum dolor sit amet, consetetur sadipscing elitr, sed diam nonumy eirmod tempor invidunt ut labore et dolore magna aliquyam erat, sed diam voluptua. Lorem ipsum dolor sit amet, consetetur sadipscing elitr, sed diam nonumy eirmod tempor invidunt ut labore et dolore magna aliquyam erat" rows="8" width = "70vw"/>
			<Button  class="buttonhistory"  core:require="{ handler: 'vendoronboarddocument/ext/fragment/Commentfragment'}" text="Comments" press="handler.onPress" />
	</HBox>
	</VBox>
</core:FragmentDefinition>