{
  "ext/fragment/Workflowhistory.fragment.xml": 1721129624352,
  "manifest.json": 1722582710870,
  "ext/fragment/VendoronBoard.js": 1721129501302,
  "ext/controller/Objectpage.controller.js": 1721728662688,
  "ext/fragment/Workflowhistory.js": 1721129624352,
  "Component.js": 1721114467720,
  "ext/controller/Objectpage-dbg.controller.js": 1721728662688,
  "ext/controller/Objectpage.controller.js.map": 1722582711002,
  "ext/fragment/VendoronBoard-dbg.js": 1721129501302,
  "ext/fragment/VendoronBoard.js.map": 1722582710984,
  "ext/fragment/Workflowhistory-dbg.js": 1721129624352,
  "ext/fragment/Workflowhistory.js.map": 1722582710992,
  "Component-dbg.js": 1721114467720,
  "Component.js.map": 1722582710992,
  "Component-preload.js": 1722582711075,
  "Component-preload.js.map": 1722582711075,
  "i18n/i18n.properties": 1721114489348,
  "ext/fragment/VendoronBoard.fragment.xml": 1721728414576,
  "ext/fragment/Commentfragment.fragment.xml": 1721129531605,
  "css/style.css": 1721728729813,
  "index.html": 1721114467720
}